voice_id,n_neutral_rows
6932f2b605d51,26
6931c5e959238,25
693b3ca9061f7,24
6931cb8d32df2,24
6931deb145ed9,24
6931c6b3e3dbf,24
6941b507de5d7,23
693c7aa9d52ef,23
6932f46ae261a,23
6931dcd71b8e9,23
693c84968fe4b,23
6932f3fce028b,23
6931de111d687,23
693c84c740f39,23
693c85f0a8628,22
693c792e001a6,22
693b3cc6b7893,22
693c78d4bb227,22
693da8b27afac,22
69386aa690ea1,22
6931c586ddeae,22
6931f612bfb39,22
6931da85147f3,22
69386e5415651,22
6931e362a193d,22
6931c7cf1b64d,22
693b3b5fe49f4,22
6931cbc8ac9fd,22
6931deced47fb,22
6931e19999ad4,22
693b3cedbe881,22
69386f1acb4ee,22
6931cae766d26,22
6931e3c093468,22
6931dcfd35162,22
693b3c65deffa,22
693c7b80541a7,22
69387002429d5,22
6931e38c6d409,22
6939e172ad82e,21
693c7974a2678,21
6931df0889728,21
693b1d31bf65b,21
693cda04f3b8e,21
69418e547547b,21
6931dda6dca88,21
6931de0ebfc04,21
6931de3dc0a7a,21
69386cd12c395,21
6931deed43a45,21
6931c6121bbe6,21
6931c31ee985f,21
6932f0314ca79,21
6931c293add3b,21
6932f4d549850,21
693337b9e3e54,21
693b3d12588ba,21
6931ddc0580b1,21
69386eec93028,21
6931c2ae6ea63,21
6931dd71324d7,21
69386c1fc4f73,21
693b39d169c3d,21
6931e04b10f8d,21
6931c95285534,21
693338947600a,21
693b1d519938b,21
6931beb2e88fd,21
69386f8d637b8,21
6931cb79184bc,21
6937074adcbc3,21
693b3a5cccff4,21
6933366ad3382,21
6931be0225e87,21
693c7afdd7afe,21
6931f5c32fe0c,21
693cdcc22c9d5,21
693c79d60bee6,20
693da8c213166,20
693cdd0538ed3,20
693c7a737d1d8,20
69386f3b26fe3,20
693cda994b90a,20
693b3d3e56648,20
6939e07eb4e3f,20
693b1ce593dd5,20
693da7d91bb5d,20
6941b3139b972,20
693b3ac9685fd,20
693c8597dc5aa,20
69386e7b94c45,20
6941b526d90d4,20
693c798fc0159,20
693c7731be492,20
693c867add9b4,20
693cdaaee7a5f,20
693b3b7c2307c,20
693c795222d1d,20
693c79a9bd539,20
693c861e3805a,20
693da7ed06bae,20
69386eca6411b,20
6941b36484ff6,20
69418f44ee6be,20
693b3b3056a27,20
693b3a8b0a2ce,20
6939e0a01e17f,20
693da8f37c41a,20
693c7b218d304,20
693b1d98a183d,20
6931de663bedb,20
6931dcad48a75,20
6931dc59215ad,20
6931c3f155ded,20
6932eec958fda,20
6931de29ab6f9,20
6931e01a7607f,20
6931db5ab7c77,20
693b1d74886d8,20
69386da961d0f,20
6931e33e624b9,20
6932f4378bca8,20
69372ab492e62,20
69386c8f68151,20
6931c88257822,20
6931f4604c13f,20
69386d8547444,20
693b20a1b4044,20
693b3b0f082a7,20
69386d5bb7ec6,20
693c85d018657,20
6931d868122d8,20
693b1dc16c052,20
6931e2872e0f3,20
6931e415e5d1a,20
6931e2ae9e530,20
69386cb06f461,20
6932ee7add11a,20
693b3c84d9660,20
69386aca24ca6,20
6932f28412118,20
6931dfe270959,20
693b3a39ab12e,20
69386bff1a99d,20
6931db781370e,20
6931bcdf915ef,20
6931c4a27cd42,20
69386d2d9b572,20
6931c9378c110,20
693b3d6400d6a,20
6936f7ae22d65,20
6931c75981a5c,20
69386a78aa546,20
6932f548e7961,20
6931e515cf02c,20
693c84778e6ec,20
6931dd46ddb80,20
6932f2f2c717b,20
6931f66d9f20a,20
693cdcde08a67,20
693b3b993ed8b,20
693870514af57,20
693c85341b27e,20
6931df3ab756f,20
69386fda92b0b,20
6931cad565f1c,20
693b3a165b16f,20
6931dd1cf2fea,20
6931db21d7069,20
6931c6de926c5,20
69386c6db2eb1,20
6931f5eb053e8,20
69386f693164a,20
6931dbaeed39a,20
6931c7236f136,20
693338ab97c78,20
6936f754532df,20
69386ea813cab,20
6939e14d59fe6,20
6931dfa853800,20
693c7b5ed1b17,20
6931c7437bdc9,20
6931c52431923,20
693b3c28bbd6f,20
69386d0363d45,20
69386de43a817,20
693c863141aa5,20
6931c669a4406,20
6932f4a277483,20
6936f78581a86,20
6931f5702830a,20
6931dd1b40db3,20
6931f59d9510d,20
693b39ad9134e,20
6931f6377639c,20
693b3c459a6a6,20
6933387406f40,20
693c7a094b35c,20
6931de9956c19,20
6931c86fe0b80,20
6931c34238d72,20
693cdced4a2e5,20
693da80580c5b,20
693da82759ac2,20
693c7ac84979a,19
6931dbed58dd8,19
6932f00e8a6b9,14
6932efe08ece4,13
693b3aaa8994b,13
6932eef972cb2,8
6931dbc6a99cc,7
692a00693fadb,1
692a00696963f,1
692a00697ad18,1
692a09995a9e2,1
692a006954a54,1
692a00691dfae,1
